Workbook
Name Orders: Orders!$B$6:$D$11
Name products: Products!$B$6:$D$11

Sheet Products
B2: Product
B5: ProductID | C5: Product | D5: Price
B6: 101 | C6: Product A | D6: 120
B7: 102 | C7: Product B | D7: 150
B8: 103 | C8: Product C | D8: 200
B9: 104 | C9: Product D | D9: 90
B10: 105 | C10: Product E | D10: 220
B11: 106 | C11: Product F | D11: 130

Sheet Orders
B2: Order
B5: OrderID | C5: ProductID | D5: Quantity
B6: 1 | C6: 101 | D6: 2
B7: 2 | C7: 103 | D7: 1
B8: 3 | C8: 105 | D8: 4
B9: 4 | C9: 106 | D9: 3
B10: 5 | C10: 102 | D10: 5
B11: 6 | C11: 104 | D11: 6

Sheet Q1
A1: OrderID | B1: ProductID | C1: Quantity | D1: Product
A2: 1 | B2: 101 | C2: 2 | D2: =VLOOKUP(B2,products,2,0) -> Product A
A3: 2 | B3: 103 | C3: 1 | D3: =VLOOKUP(B3,products,2,0) -> Product C
A4: 3 | B4: 105 | C4: 4 | D4: =VLOOKUP(B4,products,2,0) -> Product E
A5: 4 | B5: 106 | C5: 3 | D5: =VLOOKUP(B5,products,2,0) -> Product F
A6: 5 | B6: 102 | C6: 5 | D6: =VLOOKUP(B6,products,2,0) -> Product B
A7: 6 | B7: 104 | C7: 6 | D7: =VLOOKUP(B7,products,2,0) -> Product D

Sheet Q2
A1: OrderID | B1: ProductID | C1: Quantity | D1: Price | E1: Total Price
A2: 1 | B2: 101 | C2: 2 | D2: =VLOOKUP(B2,products,3,TRUE) -> 120 | E2: =C2*D2 -> 240
A3: 2 | B3: 103 | C3: 1 | D3: =VLOOKUP(B3,products,3,TRUE) -> 200 | E3: =C3*D3 -> 200
A4: 3 | B4: 105 | C4: 4 | D4: =VLOOKUP(B4,products,3,TRUE) -> 220 | E4: =C4*D4 -> 880
A5: 4 | B5: 106 | C5: 3 | D5: =VLOOKUP(B5,products,3,TRUE) -> 130 | E5: =C5*D5 -> 390
A6: 5 | B6: 102 | C6: 5 | D6: =VLOOKUP(B6,products,3,TRUE) -> 150 | E6: =C6*D6 -> 750
A7: 6 | B7: 104 | C7: 6 | D7: =VLOOKUP(B7,products,3,TRUE) -> 90 | E7: =C7*D7 -> 540

Sheet Q3
A1: OrderID | B1: ProductID | C1: Quantity | D1: Product
A2: 1 | B2: 101 | C2: 2 | D2: =IF(ISNA(VLOOKUP(B2,products,2,FALSE)),"Not Found"," Found") -> Found
A3: 2 | B3: 103 | C3: 1 | D3: =IF(ISNA(VLOOKUP(B3,products,2,FALSE)),"Not Found"," Found") -> Found
A4: 3 | B4: 105 | C4: 4 | D4: =IF(ISNA(VLOOKUP(B4,products,2,FALSE)),"Not Found"," Found") -> Found
A5: 4 | B5: 106 | C5: 3 | D5: =IF(ISNA(VLOOKUP(B5,products,2,FALSE)),"Not Found"," Found") -> Found
A6: 5 | B6: 102 | C6: 5 | D6: =IF(ISNA(VLOOKUP(B6,products,2,FALSE)),"Not Found"," Found") -> Found
A7: 6 | B7: 104 | C7: 6 | D7: =IF(ISNA(VLOOKUP(B7,products,2,FALSE)),"Not Found"," Found") -> Found
B8: 108 | D8: =IF(ISNA(VLOOKUP(B8,products,2,FALSE)),"Not Found"," Found") -> Not Found

Sheet Q4
A1: ProductID | B1: Product | C1: Original Price | D1: 10% Discount | E1: Discounted Price
A2: 101 | B2: Product A | C2: =VLOOKUP(A2,products,3,0) -> 120 | D2: =C2*0.1 -> 12 | E2: =C2-D2 -> 108
A3: 102 | B3: Product B | C3: =VLOOKUP(A3,products,3,0) -> 150 | D3: =C3*0.1 -> 15 | E3: =C3-D3 -> 135
A4: 103 | B4: Product C | C4: =VLOOKUP(A4,products,3,0) -> 200 | D4: =C4*0.1 -> 20 | E4: =C4-D4 -> 180
A5: 104 | B5: Product D | C5: =VLOOKUP(A5,products,3,0) -> 90 | D5: =C5*0.1 -> 9 | E5: =C5-D5 -> 81
A6: 105 | B6: Product E | C6: =VLOOKUP(A6,products,3,0) -> 220 | D6: =C6*0.1 -> 22 | E6: =C6-D6 -> 198
A7: 106 | B7: Product F | C7: =VLOOKUP(A7,products,3,0) -> 130 | D7: =C7*0.1 -> 13 | E7: =C7-D7 -> 117

Sheet Q5
A1: OrderID | B1: ProductID | C1: Quantity | D1: Price | E1: Total Price
A2: 1 | B2: 101 | C2: 2 | D2: =VLOOKUP(B2,products,3,0) -> 120 | E2: =C2*D2 -> 240
A3: 2 | B3: 103 | C3: 1 | D3: =VLOOKUP(B3,products,3,0) -> 200 | E3: =C3*D3 -> 200
A4: 3 | B4: 105 | C4: 4 | D4: =VLOOKUP(B4,products,3,0) -> 220 | E4: =C4*D4 -> 880
A5: 4 | B5: 106 | C5: 3 | D5: =VLOOKUP(B5,products,3,0) -> 130 | E5: =C5*D5 -> 390
A6: 5 | B6: 102 | C6: 5 | D6: =VLOOKUP(B6,products,3,0) -> 150 | E6: =C6*D6 -> 750
A7: 6 | B7: 104 | C7: 6 | D7: =VLOOKUP(B7,products,3,0) -> 90 | E7: =C7*D7 -> 540
E10: Maximum
E11: =MAX(E2:E7) -> 880

Sheet Q6
A1: ProductID | B1: Product | C1: Price | D1: Order
A2: 101 | B2: Product A | C2: 120 | D2: =IF(ISNA(VLOOKUP(A2,Orders!$C$6:$D$11,2,0)),"NotOrdered","Ordered") -> Ordered
A3: 102 | B3: Product B | C3: 150 | D3: =IF(ISNA(VLOOKUP(A3,Orders!$C$6:$D$11,2,0)),"NotOrdered","Ordered") -> Ordered
A4: 103 | B4: Product C | C4: 200 | D4: =IF(ISNA(VLOOKUP(A4,Orders!$C$6:$D$11,2,0)),"NotOrdered","Ordered") -> Ordered
A5: 104 | B5: Product D | C5: 90 | D5: =IF(ISNA(VLOOKUP(A5,Orders!$C$6:$D$11,2,0)),"NotOrdered","Ordered") -> Ordered
A6: 105 | B6: Product E | C6: 220 | D6: =IF(ISNA(VLOOKUP(A6,Orders!$C$6:$D$11,2,0)),"NotOrdered","Ordered") -> Ordered
A7: 106 | B7: Product F | C7: 130 | D7: =IF(ISNA(VLOOKUP(A7,Orders!$C$6:$D$11,2,0)),"NotOrdered","Ordered") -> Ordered
A8: 122 | D8: =IF(ISNA(VLOOKUP(A8,Orders!$C$6:$D$11,2,0)),"NotOrdered","Ordered") -> NotOrdered

Sheet Q7
A1: OrderID | B1: ProductID | C1: Quantity | D1: Product | E1: Price | F1: Total Price
A2: 1 | B2: 101 | C2: 2 | D2: =VLOOKUP(B2,products,2,0) -> Product A | E2: =VLOOKUP(B2,products,3,TRUE) -> 120 | F2: =C2*E2 -> 240
A3: 2 | B3: 102 | C3: 1 | D3: =VLOOKUP(B3,products,2,0) -> Product B | E3: =VLOOKUP(B3,products,3,TRUE) -> 150 | F3: =C3*E3 -> 150
A4: 3 | B4: 103 | C4: 4 | D4: =VLOOKUP(B4,products,2,0) -> Product C | E4: =VLOOKUP(B4,products,3,TRUE) -> 200 | F4: =C4*E4 -> 800
A5: 4 | B5: 104 | C5: 3 | D5: =VLOOKUP(B5,products,2,0) -> Product D | E5: =VLOOKUP(B5,products,3,TRUE) -> 90 | F5: =C5*E5 -> 270
A6: 5 | B6: 105 | C6: 5 | D6: =VLOOKUP(B6,products,2,0) -> Product E | E6: =VLOOKUP(B6,products,3,TRUE) -> 220 | F6: =C6*E6 -> 1100
A7: 6 | B7: 106 | C7: 6 | D7: =VLOOKUP(B7,products,2,0) -> Product F | E7: =VLOOKUP(B7,products,3,TRUE) -> 130 | F7: =C7*E7 -> 780
